{"train/loss": 2.6544177253103673, "train/acc": [], "_runtime": 694, "_timestamp": 1617932033, "_step": 3598, "val/loss": 2.6544177253103673, "val/acc": [17.29673384294649]}